﻿<?xml version="1.0" encoding="utf-8"?>
<Solution xmlns="http://schemas.microsoft.com/sharepoint/" SolutionId="5d09f5fb-6aa1-47bc-bfe3-136f7f040a0a" SharePointProductVersion="14.0">
  <Assemblies>
    <Assembly Location="itextsharp.dll" DeploymentTarget="GlobalAssemblyCache">
      <SafeControls>
        <SafeControl Assembly="itextsharp" Namespace="itextsharp" TypeName="*" />
      </SafeControls>
    </Assembly>
    <Assembly Location="NewInfoPool.dll" DeploymentTarget="GlobalAssemblyCache" />
  </Assemblies>
  <TemplateFiles>
    <TemplateFile Location="Layouts\NewInfoPool\AccNumber.aspx" />
    <TemplateFile Location="Layouts\NewInfoPool\AccountDetails.aspx" />
    <TemplateFile Location="Layouts\NewInfoPool\AccountMemo.aspx" />
    <TemplateFile Location="Layouts\NewInfoPool\Advise\investmentTemp.htm" />
    <TemplateFile Location="Layouts\NewInfoPool\AverageBalanceReport.aspx" />
    <TemplateFile Location="Layouts\NewInfoPool\BranchesReport.aspx" />
    <TemplateFile Location="Layouts\NewInfoPool\Currency.aspx" />
    <TemplateFile Location="Layouts\NewInfoPool\CustomerDetails.aspx" />
    <TemplateFile Location="Layouts\NewInfoPool\ExchangeRateReport.aspx" />
    <TemplateFile Location="Layouts\NewInfoPool\images\accessbank_logo.png" />
    <TemplateFile Location="Layouts\NewInfoPool\images\accesslogo.jpg" />
    <TemplateFile Location="Layouts\NewInfoPool\images\accesslogo1111111.jpg" />
    <TemplateFile Location="Layouts\NewInfoPool\images\AccessLogoCaret.gif" />
    <TemplateFile Location="Layouts\NewInfoPool\images\loading.gif" />
    <TemplateFile Location="Layouts\NewInfoPool\images\loading22.gif" />
    <TemplateFile Location="Layouts\NewInfoPool\images\news_thmb.png" />
    <TemplateFile Location="Layouts\NewInfoPool\AccountBalance.aspx" />
    <TemplateFile Location="Layouts\NewInfoPool\AccountMandate.aspx" />
    <TemplateFile Location="Layouts\NewInfoPool\HomePage.aspx" />
    <TemplateFile Location="Layouts\NewInfoPool\InvestementDetail.aspx" />
    <TemplateFile Location="Layouts\NewInfoPool\InvestmentSearch.aspx" />
    <TemplateFile Location="Layouts\NewInfoPool\MyAccountList.aspx" />
    <TemplateFile Location="Layouts\NewInfoPool\MyTopSearch.aspx" />
    <TemplateFile Location="Layouts\NewInfoPool\SearchInvestPop.aspx" />
    <TemplateFile Location="Layouts\NewInfoPool\SearchPopup.aspx" />
    <TemplateFile Location="Layouts\NewInfoPool\script\jquery-1.2.1.min.js" />
    <TemplateFile Location="Layouts\NewInfoPool\script\menu.js" />
    <TemplateFile Location="Layouts\NewInfoPool\style\accessbank_portal.css" />
    <TemplateFile Location="Layouts\NewInfoPool\style\css.css" />
    <TemplateFile Location="Layouts\NewInfoPool\Test.aspx" />
    <TemplateFile Location="Layouts\NewInfoPool\TransactionCode.aspx" />
    <TemplateFile Location="Layouts\NewInfoPool\TransactionHistory.aspx" />
  </TemplateFiles>
  <FeatureManifests>
    <FeatureManifest Location="NewInfoPool_NewInfoPoolFeature\Feature.xml" />
  </FeatureManifests>
</Solution>